Document No.,Document URL,Date filed,Docket No.,Docket URL,PDF filename,Foreign Respondent,Gov Entity Respondent,OSP,Impermissible Claim,Relief Sought,Improper Pleading Form,Clarity,Access,Ownership,Registration,Substantial Similarity,Misrep - False Statement,Misrep - No Notice Sent,Noninfringement - No Accusation
1001,https://dockets.ccb.gov/document/download/1001,10/27/2022,22-CCB-0159,https://dockets.ccb.gov/case/detail/22-CCB-0159,pdfs/ota1001.pdf,0,0,0,0,1,0,1,0,0,0,0,1,0,0
1003,https://dockets.ccb.gov/document/download/1003,10/27/2022,22-CCB-0212,https://dockets.ccb.gov/case/detail/22-CCB-0212,pdfs/ota1003.pdf,1,0,0,0,0,0,0,0,0,0,0,0,0,0
1020,https://dockets.ccb.gov/document/download/1020,10/28/2022,22-CCB-0181,https://dockets.ccb.gov/case/detail/22-CCB-0181,pdfs/ota1020.pdf,0,0,0,0,0,0,0,0,0,0,0,0,0,0
1021,https://dockets.ccb.gov/document/download/1021,10/28/2022,22-CCB-0182,https://dockets.ccb.gov/case/detail/22-CCB-0182,pdfs/ota1021.pdf,0,0,0,0,0,0,0,0,0,0,0,0,0,0
1022,https://dockets.ccb.gov/document/download/1022,10/28/2022,22-CCB-0183,https://dockets.ccb.gov/case/detail/22-CCB-0183,pdfs/ota1022.pdf,0,0,0,0,0,0,0,0,0,0,0,0,0,0
1027,https://dockets.ccb.gov/document/download/1027,10/28/2022,22-CCB-0158,https://dockets.ccb.gov/case/detail/22-CCB-0158,pdfs/ota1027.pdf,0,0,0,1,0,0,1,0,1,0,0,0,0,0
1053,https://dockets.ccb.gov/document/download/1053,10/31/2022,22-CCB-0162,https://dockets.ccb.gov/case/detail/22-CCB-0162,pdfs/ota1053.pdf,0,0,0,0,1,0,0,1,0,0,1,0,0,0
1054,https://dockets.ccb.gov/document/download/1054,10/31/2022,22-CCB-0184,https://dockets.ccb.gov/case/detail/22-CCB-0184,pdfs/ota1054.pdf,0,0,0,0,0,0,0,0,0,1,0,0,0,0
1090,https://dockets.ccb.gov/document/download/1090,11/02/2022,22-CCB-0216,https://dockets.ccb.gov/case/detail/22-CCB-0216,pdfs/ota1090.pdf,0,0,0,0,0,0,0,0,0,1,0,0,0,0
1091,https://dockets.ccb.gov/document/download/1091,11/02/2022,22-CCB-0218,https://dockets.ccb.gov/case/detail/22-CCB-0218,pdfs/ota1091.pdf,0,0,0,0,0,0,0,0,0,1,0,0,0,0
1097,https://dockets.ccb.gov/document/download/1097,11/03/2022,22-CCB-0028,https://dockets.ccb.gov/case/detail/22-CCB-0028,pdfs/ota1097.pdf,0,0,0,0,0,0,0,0,1,0,0,0,0,0
1098,https://dockets.ccb.gov/document/download/1098,11/03/2022,22-CCB-0172,https://dockets.ccb.gov/case/detail/22-CCB-0172,pdfs/ota1098.pdf,0,0,0,0,0,0,0,1,0,0,1,0,0,0
1099,https://dockets.ccb.gov/document/download/1099,11/03/2022,22-CCB-0174,https://dockets.ccb.gov/case/detail/22-CCB-0174,pdfs/ota1099.pdf,1,0,0,0,0,0,0,0,0,0,0,0,0,0
1105,https://dockets.ccb.gov/document/download/1105,11/04/2022,22-CCB-0023,https://dockets.ccb.gov/case/detail/22-CCB-0023,pdfs/ota1105.pdf,0,0,0,0,0,0,0,0,0,0,0,0,0,0
1106,https://dockets.ccb.gov/document/download/1106,11/04/2022,22-CCB-0165,https://dockets.ccb.gov/case/detail/22-CCB-0165,pdfs/ota1106.pdf,0,0,1,0,0,0,0,0,0,0,0,0,0,0
1142,https://dockets.ccb.gov/document/download/1142,11/07/2022,22-CCB-0104,https://dockets.ccb.gov/case/detail/22-CCB-0104,pdfs/ota1142.pdf,0,0,0,0,0,0,1,1,0,0,1,0,0,0
1146,https://dockets.ccb.gov/document/download/1146,11/07/2022,22-CCB-0186,https://dockets.ccb.gov/case/detail/22-CCB-0186,pdfs/ota1146.pdf,0,0,0,1,0,0,1,0,0,0,1,0,0,0
1147,https://dockets.ccb.gov/document/download/1147,11/07/2022,22-CCB-0133,https://dockets.ccb.gov/case/detail/22-CCB-0133,pdfs/ota1147.pdf,0,0,0,0,0,0,0,0,0,0,0,0,0,0
1148,https://dockets.ccb.gov/document/download/1148,11/07/2022,22-CCB-0173,https://dockets.ccb.gov/case/detail/22-CCB-0173,pdfs/ota1148.pdf,0,0,0,0,0,0,0,1,0,0,1,0,0,0
1174,https://dockets.ccb.gov/document/download/1174,11/08/2022,22-CCB-0200,https://dockets.ccb.gov/case/detail/22-CCB-0200,pdfs/ota1174.pdf,0,0,0,0,1,0,0,1,0,0,1,0,0,0
1175,https://dockets.ccb.gov/document/download/1175,11/08/2022,22-CCB-0106,https://dockets.ccb.gov/case/detail/22-CCB-0106,pdfs/ota1175.pdf,0,0,0,1,0,0,0,0,0,1,0,0,0,0
1176,https://dockets.ccb.gov/document/download/1176,11/08/2022,22-CCB-0110,https://dockets.ccb.gov/case/detail/22-CCB-0110,pdfs/ota1176.pdf,0,0,0,1,0,0,0,0,0,1,0,0,0,0
1177,https://dockets.ccb.gov/document/download/1177,11/08/2022,22-CCB-0206,https://dockets.ccb.gov/case/detail/22-CCB-0206,pdfs/ota1177.pdf,0,0,0,0,0,0,0,0,0,0,1,0,0,0
1179,https://dockets.ccb.gov/document/download/1179,11/09/2022,22-CCB-0205,https://dockets.ccb.gov/case/detail/22-CCB-0205,pdfs/ota1179.pdf,0,0,0,0,0,0,0,0,0,0,0,0,0,0
1180,https://dockets.ccb.gov/document/download/1180,11/09/2022,22-CCB-0213,https://dockets.ccb.gov/case/detail/22-CCB-0213,pdfs/ota1180.pdf,0,0,0,1,0,0,1,0,0,1,0,0,0,0
1181,https://dockets.ccb.gov/document/download/1181,11/09/2022,22-CCB-0223,https://dockets.ccb.gov/case/detail/22-CCB-0223,pdfs/ota1181.pdf,0,0,0,0,0,0,0,0,1,1,0,0,0,0
1182,https://dockets.ccb.gov/document/download/1182,11/09/2022,22-CCB-0198,https://dockets.ccb.gov/case/detail/22-CCB-0198,pdfs/ota1182.pdf,0,0,0,0,0,0,0,0,0,0,0,0,0,0
1191,https://dockets.ccb.gov/document/download/1191,11/10/2022,22-CCB-0189,https://dockets.ccb.gov/case/detail/22-CCB-0189,pdfs/ota1191.pdf,0,0,0,0,0,0,0,1,0,1,1,0,0,0
1199,https://dockets.ccb.gov/document/download/1199,11/10/2022,22-CCB-0215,https://dockets.ccb.gov/case/detail/22-CCB-0215,pdfs/ota1199.pdf,0,0,0,0,0,0,0,0,0,1,0,0,0,0
1201,https://dockets.ccb.gov/document/download/1201,11/10/2022,22-CCB-0222,https://dockets.ccb.gov/case/detail/22-CCB-0222,pdfs/ota1201.pdf,0,0,0,0,0,0,0,1,0,0,1,0,0,0
1202,https://dockets.ccb.gov/document/download/1202,11/10/2022,22-CCB-0053,https://dockets.ccb.gov/case/detail/22-CCB-0053,pdfs/ota1202.pdf,0,0,0,0,0,0,0,0,0,0,0,0,0,0
1208,https://dockets.ccb.gov/document/download/1208,11/14/2022,22-CCB-0154,https://dockets.ccb.gov/case/detail/22-CCB-0154,pdfs/ota1208.pdf,1,0,0,0,0,0,0,1,0,0,1,0,0,0
1212,https://dockets.ccb.gov/document/download/1212,11/14/2022,22-CCB-0199,https://dockets.ccb.gov/case/detail/22-CCB-0199,pdfs/ota1212.pdf,0,0,0,0,0,0,0,0,0,0,0,0,0,0
1219,https://dockets.ccb.gov/document/download/1219,11/15/2022,22-CCB-0231,https://dockets.ccb.gov/case/detail/22-CCB-0231,pdfs/ota1219.pdf,0,0,0,0,0,0,0,0,0,1,0,0,0,0
1220,https://dockets.ccb.gov/document/download/1220,11/15/2022,22-CCB-0234,https://dockets.ccb.gov/case/detail/22-CCB-0234,pdfs/ota1220.pdf,1,0,0,0,0,0,0,0,0,1,0,0,0,0
1222,https://dockets.ccb.gov/document/download/1222,11/15/2022,22-CCB-0233,https://dockets.ccb.gov/case/detail/22-CCB-0233,pdfs/ota1222.pdf,0,0,0,0,0,0,0,0,0,1,0,0,0,0
1224,https://dockets.ccb.gov/document/download/1224,11/16/2022,22-CCB-0224,https://dockets.ccb.gov/case/detail/22-CCB-0224,pdfs/ota1224.pdf,0,0,0,0,0,0,0,1,0,0,1,0,0,0
1255,https://dockets.ccb.gov/document/download/1255,11/18/2022,22-CCB-0148,https://dockets.ccb.gov/case/detail/22-CCB-0148,pdfs/ota1255.pdf,0,0,0,0,0,0,0,0,1,0,1,0,0,0
1256,https://dockets.ccb.gov/document/download/1256,11/18/2022,22-CCB-0226,https://dockets.ccb.gov/case/detail/22-CCB-0226,pdfs/ota1256.pdf,0,0,0,0,0,0,0,1,0,0,1,0,0,0
1258,https://dockets.ccb.gov/document/download/1258,11/18/2022,22-CCB-0225,https://dockets.ccb.gov/case/detail/22-CCB-0225,pdfs/ota1258.pdf,0,0,0,0,0,0,0,1,0,0,1,0,0,0
1266,https://dockets.ccb.gov/document/download/1266,11/18/2022,22-CCB-0220,https://dockets.ccb.gov/case/detail/22-CCB-0220,pdfs/ota1266.pdf,0,0,0,0,0,0,0,0,1,0,0,0,0,0
1288,https://dockets.ccb.gov/document/download/1288,11/21/2022,22-CCB-0177,https://dockets.ccb.gov/case/detail/22-CCB-0177,pdfs/ota1288.pdf,0,0,0,0,0,0,1,0,0,0,0,0,0,0
1301,https://dockets.ccb.gov/document/download/1301,11/22/2022,22-CCB-0246,https://dockets.ccb.gov/case/detail/22-CCB-0246,pdfs/ota1301.pdf,0,0,0,1,0,0,0,0,0,1,0,0,0,0
1322,https://dockets.ccb.gov/document/download/1322,11/22/2022,22-CCB-0240,https://dockets.ccb.gov/case/detail/22-CCB-0240,pdfs/ota1322.pdf,0,0,0,0,0,0,0,0,0,0,0,0,0,0
1325,https://dockets.ccb.gov/document/download/1325,11/22/2022,22-CCB-0230,https://dockets.ccb.gov/case/detail/22-CCB-0230,pdfs/ota1325.pdf,0,0,0,0,0,0,0,0,0,0,1,0,0,0
1378,https://dockets.ccb.gov/document/download/1378,11/28/2022,22-CCB-0210,https://dockets.ccb.gov/case/detail/22-CCB-0210,pdfs/ota1378.pdf,0,0,0,0,0,0,0,1,0,1,1,0,0,0
1381,https://dockets.ccb.gov/document/download/1381,11/29/2022,22-CCB-0235,https://dockets.ccb.gov/case/detail/22-CCB-0235,pdfs/ota1381.pdf,0,0,0,0,0,0,0,0,1,0,0,0,0,0
1418,https://dockets.ccb.gov/document/download/1418,12/05/2022,22-CCB-0232,https://dockets.ccb.gov/case/detail/22-CCB-0232,pdfs/ota1418.pdf,0,0,0,0,0,0,0,0,0,1,0,0,0,0
1419,https://dockets.ccb.gov/document/download/1419,12/05/2022,22-CCB-0243,https://dockets.ccb.gov/case/detail/22-CCB-0243,pdfs/ota1419.pdf,0,0,0,0,0,0,0,0,1,0,0,0,0,0
1431,https://dockets.ccb.gov/document/download/1431,12/06/2022,22-CCB-0164,https://dockets.ccb.gov/case/detail/22-CCB-0164,pdfs/ota1431.pdf,0,0,0,0,0,0,1,1,0,1,1,0,0,0
1453,https://dockets.ccb.gov/document/download/1453,12/08/2022,22-CCB-0238,https://dockets.ccb.gov/case/detail/22-CCB-0238,pdfs/ota1453.pdf,0,0,0,0,0,0,0,0,0,0,0,0,0,0
1456,https://dockets.ccb.gov/document/download/1456,12/08/2022,22-CCB-0116,https://dockets.ccb.gov/case/detail/22-CCB-0116,pdfs/ota1456.pdf,0,0,0,0,0,0,1,0,0,1,0,0,0,0
1481,https://dockets.ccb.gov/document/download/1481,12/12/2022,22-CCB-0249,https://dockets.ccb.gov/case/detail/22-CCB-0249,pdfs/ota1481.pdf,0,0,0,1,0,0,0,0,0,1,0,0,0,0
1501,https://dockets.ccb.gov/document/download/1501,12/13/2022,22-CCB-0162,https://dockets.ccb.gov/case/detail/22-CCB-0162,pdfs/ota1501.pdf,0,0,0,0,0,0,0,0,0,0,0,0,0,0
1506,https://dockets.ccb.gov/document/download/1506,12/14/2022,22-CCB-0174,https://dockets.ccb.gov/case/detail/22-CCB-0174,pdfs/ota1506.pdf,0,0,0,0,0,0,0,1,0,0,1,0,0,0
1510,https://dockets.ccb.gov/document/download/1510,12/14/2022,22-CCB-0242,https://dockets.ccb.gov/case/detail/22-CCB-0242,pdfs/ota1510.pdf,0,0,0,1,0,0,0,0,0,0,0,0,0,0
1511,https://dockets.ccb.gov/document/download/1511,12/15/2022,22-CCB-0248,https://dockets.ccb.gov/case/detail/22-CCB-0248,pdfs/ota1511.pdf,0,0,0,0,0,0,0,1,0,0,1,0,0,0
1523,https://dockets.ccb.gov/document/download/1523,12/16/2022,22-CCB-0258,https://dockets.ccb.gov/case/detail/22-CCB-0258,pdfs/ota1523.pdf,0,0,0,0,0,0,0,0,0,1,0,0,0,0
1525,https://dockets.ccb.gov/document/download/1525,12/16/2022,22-CCB-0215,https://dockets.ccb.gov/case/detail/22-CCB-0215,pdfs/ota1525.pdf,0,0,0,0,0,0,0,1,0,0,1,0,0,0
1526,https://dockets.ccb.gov/document/download/1526,12/16/2022,22-CCB-0257,https://dockets.ccb.gov/case/detail/22-CCB-0257,pdfs/ota1526.pdf,0,0,0,0,0,0,0,1,0,0,1,0,0,0
1527,https://dockets.ccb.gov/document/download/1527,12/16/2022,22-CCB-0218,https://dockets.ccb.gov/case/detail/22-CCB-0218,pdfs/ota1527.pdf,0,0,0,0,0,0,0,0,0,1,0,0,0,0
1531,https://dockets.ccb.gov/document/download/1531,12/16/2022,22-CCB-0245,https://dockets.ccb.gov/case/detail/22-CCB-0245,pdfs/ota1531.pdf,0,0,0,1,0,0,0,1,0,0,1,0,0,0
1564,https://dockets.ccb.gov/document/download/1564,12/19/2022,22-CCB-0158,https://dockets.ccb.gov/case/detail/22-CCB-0158,pdfs/ota1564.pdf,0,0,0,1,0,0,0,0,0,0,0,0,0,0
1568,https://dockets.ccb.gov/document/download/1568,12/19/2022,22-CCB-0239,https://dockets.ccb.gov/case/detail/22-CCB-0239,pdfs/ota1568.pdf,0,0,1,0,0,0,0,0,0,0,0,0,0,0
1575,https://dockets.ccb.gov/document/download/1575,12/19/2022,22-CCB-0247,https://dockets.ccb.gov/case/detail/22-CCB-0247,pdfs/ota1575.pdf,0,0,0,0,0,0,1,1,0,0,1,0,0,0
160,https://dockets.ccb.gov/document/download/160,07/15/2022,22-CCB-0019,https://dockets.ccb.gov/case/detail/22-CCB-0019,pdfs/ota160.pdf,0,0,0,0,0,0,1,1,0,0,0,0,0,0
1603,https://dockets.ccb.gov/document/download/1603,12/22/2022,22-CCB-0233,https://dockets.ccb.gov/case/detail/22-CCB-0233,pdfs/ota1603.pdf,0,0,0,0,0,0,0,1,0,1,1,0,0,0
1606,https://dockets.ccb.gov/document/download/1606,12/22/2022,22-CCB-0254,https://dockets.ccb.gov/case/detail/22-CCB-0254,pdfs/ota1606.pdf,0,0,0,0,0,0,0,0,0,0,0,0,0,0
1607,https://dockets.ccb.gov/document/download/1607,12/22/2022,22-CCB-0086,https://dockets.ccb.gov/case/detail/22-CCB-0086,pdfs/ota1607.pdf,0,0,1,0,0,0,0,0,0,0,0,0,0,0
1637,https://dockets.ccb.gov/document/download/1637,12/29/2022,22-CCB-0251,https://dockets.ccb.gov/case/detail/22-CCB-0251,pdfs/ota1637.pdf,0,0,0,0,0,0,0,1,0,0,1,0,0,0
1710,https://dockets.ccb.gov/document/download/1710,01/11/2023,22-CCB-0260,https://dockets.ccb.gov/case/detail/22-CCB-0260,pdfs/ota1710.pdf,0,0,0,0,0,0,0,0,0,0,0,0,0,0
1744,https://dockets.ccb.gov/document/download/1744,01/17/2023,22-CCB-0189,https://dockets.ccb.gov/case/detail/22-CCB-0189,pdfs/ota1744.pdf,0,0,0,0,0,1,0,0,0,0,1,0,0,0
1753,https://dockets.ccb.gov/document/download/1753,01/18/2023,22-CCB-0165,https://dockets.ccb.gov/case/detail/22-CCB-0165,pdfs/ota1753.pdf,0,0,1,0,0,0,0,0,0,0,0,0,0,0
1754,https://dockets.ccb.gov/document/download/1754,01/18/2023,22-CCB-0148,https://dockets.ccb.gov/case/detail/22-CCB-0148,pdfs/ota1754.pdf,0,0,0,0,0,0,0,0,1,0,0,0,0,0
1758,https://dockets.ccb.gov/document/download/1758,01/18/2023,22-CCB-0262,https://dockets.ccb.gov/case/detail/22-CCB-0262,pdfs/ota1758.pdf,0,0,1,1,0,0,1,0,0,1,0,0,0,0
1803,https://dockets.ccb.gov/document/download/1803,01/20/2023,22-CCB-0263,https://dockets.ccb.gov/case/detail/22-CCB-0263,pdfs/ota1803.pdf,0,0,0,0,0,0,0,0,1,1,0,0,0,0
1856,https://dockets.ccb.gov/document/download/1856,01/24/2023,22-CCB-0252,https://dockets.ccb.gov/case/detail/22-CCB-0252,pdfs/ota1856.pdf,0,0,1,0,0,0,0,0,0,0,0,0,0,0
1859,https://dockets.ccb.gov/document/download/1859,01/24/2023,22-CCB-0177,https://dockets.ccb.gov/case/detail/22-CCB-0177,pdfs/ota1859.pdf,0,0,0,0,0,0,1,0,0,0,0,0,0,0
1867,https://dockets.ccb.gov/document/download/1867,01/25/2023,22-CCB-0275,https://dockets.ccb.gov/case/detail/22-CCB-0275,pdfs/ota1867.pdf,0,0,0,0,0,0,0,1,0,0,1,0,0,0
1887,https://dockets.ccb.gov/document/download/1887,01/26/2023,22-CCB-0270,https://dockets.ccb.gov/case/detail/22-CCB-0270,pdfs/ota1887.pdf,0,0,0,0,0,0,1,1,0,0,1,0,0,0
1895,https://dockets.ccb.gov/document/download/1895,01/27/2023,22-CCB-0254,https://dockets.ccb.gov/case/detail/22-CCB-0254,pdfs/ota1895.pdf,0,0,0,0,0,0,0,0,0,0,0,0,0,0
1896,https://dockets.ccb.gov/document/download/1896,01/27/2023,22-CCB-0266,https://dockets.ccb.gov/case/detail/22-CCB-0266,pdfs/ota1896.pdf,0,0,0,0,0,0,0,0,0,1,0,0,0,0
1898,https://dockets.ccb.gov/document/download/1898,01/27/2023,22-CCB-0268,https://dockets.ccb.gov/case/detail/22-CCB-0268,pdfs/ota1898.pdf,0,0,0,0,0,0,1,1,0,0,1,0,0,0
1908,https://dockets.ccb.gov/document/download/1908,01/30/2023,22-CCB-0280,https://dockets.ccb.gov/case/detail/22-CCB-0280,pdfs/ota1908.pdf,0,0,0,0,0,0,0,1,0,0,1,0,0,0
1909,https://dockets.ccb.gov/document/download/1909,01/30/2023,22-CCB-0281,https://dockets.ccb.gov/case/detail/22-CCB-0281,pdfs/ota1909.pdf,0,0,0,0,0,0,0,1,0,0,1,0,0,0
1912,https://dockets.ccb.gov/document/download/1912,01/30/2023,22-CCB-0273,https://dockets.ccb.gov/case/detail/22-CCB-0273,pdfs/ota1912.pdf,0,0,0,0,0,0,0,1,0,0,1,0,0,0
194,https://dockets.ccb.gov/document/download/194,07/21/2022,22-CCB-0013,https://dockets.ccb.gov/case/detail/22-CCB-0013,pdfs/ota194.pdf,0,0,0,0,0,0,0,1,0,0,0,0,0,0
195,https://dockets.ccb.gov/document/download/195,07/21/2022,22-CCB-0011,https://dockets.ccb.gov/case/detail/22-CCB-0011,pdfs/ota195.pdf,0,0,0,0,0,1,0,0,0,0,0,0,0,0
196,https://dockets.ccb.gov/document/download/196,07/21/2022,22-CCB-0009,https://dockets.ccb.gov/case/detail/22-CCB-0009,pdfs/ota196.pdf,0,0,0,0,0,0,0,1,0,0,0,0,0,0
197,https://dockets.ccb.gov/document/download/197,07/21/2022,22-CCB-0017,https://dockets.ccb.gov/case/detail/22-CCB-0017,pdfs/ota197.pdf,0,0,0,0,0,0,0,0,0,0,1,0,0,0
1973,https://dockets.ccb.gov/document/download/1973,02/01/2023,23-CCB-0007,https://dockets.ccb.gov/case/detail/23-CCB-0007,pdfs/ota1973.pdf,0,0,0,0,0,0,0,1,0,0,1,0,0,0
1979,https://dockets.ccb.gov/document/download/1979,02/02/2023,23-CCB-0006,https://dockets.ccb.gov/case/detail/23-CCB-0006,pdfs/ota1979.pdf,0,0,0,0,0,0,1,1,0,0,1,0,0,0
198,https://dockets.ccb.gov/document/download/198,07/21/2022,22-CCB-0022,https://dockets.ccb.gov/case/detail/22-CCB-0022,pdfs/ota198.pdf,0,0,0,0,1,0,1,0,0,0,0,0,0,0
2023,https://dockets.ccb.gov/document/download/2023,02/06/2023,22-CCB-0245,https://dockets.ccb.gov/case/detail/22-CCB-0245,pdfs/ota2023.pdf,0,0,0,0,0,0,0,0,0,0,0,0,0,0
2024,https://dockets.ccb.gov/document/download/2024,02/06/2023,22-CCB-0271,https://dockets.ccb.gov/case/detail/22-CCB-0271,pdfs/ota2024.pdf,0,0,0,0,0,1,0,0,1,1,0,0,0,0
2025,https://dockets.ccb.gov/document/download/2025,02/06/2023,22-CCB-0277,https://dockets.ccb.gov/case/detail/22-CCB-0277,pdfs/ota2025.pdf,0,0,1,0,0,0,0,0,0,0,0,0,0,0
2026,https://dockets.ccb.gov/document/download/2026,02/06/2023,23-CCB-0013,https://dockets.ccb.gov/case/detail/23-CCB-0013,pdfs/ota2026.pdf,1,0,0,0,0,0,0,0,0,0,0,0,0,0
2027,https://dockets.ccb.gov/document/download/2027,02/06/2023,23-CCB-0005,https://dockets.ccb.gov/case/detail/23-CCB-0005,pdfs/ota2027.pdf,0,0,0,0,0,0,0,1,0,0,1,0,0,0
2032,https://dockets.ccb.gov/document/download/2032,02/07/2023,23-CCB-0012,https://dockets.ccb.gov/case/detail/23-CCB-0012,pdfs/ota2032.pdf,0,0,0,0,0,0,0,1,0,0,1,0,0,0
2059,https://dockets.ccb.gov/document/download/2059,02/09/2023,22-CCB-0258,https://dockets.ccb.gov/case/detail/22-CCB-0258,pdfs/ota2059.pdf,0,0,0,1,0,0,1,1,0,1,1,0,0,0
2064,https://dockets.ccb.gov/document/download/2064,02/10/2023,22-CCB-0270,https://dockets.ccb.gov/case/detail/22-CCB-0270,pdfs/ota2064.pdf,0,0,0,0,0,0,1,1,0,0,1,0,0,0
2074,https://dockets.ccb.gov/document/download/2074,02/10/2023,23-CCB-0026,https://dockets.ccb.gov/case/detail/23-CCB-0026,pdfs/ota2074.pdf,0,0,0,1,0,0,1,1,0,1,1,0,0,0
2108,https://dockets.ccb.gov/document/download/2108,02/14/2023,23-CCB-0011,https://dockets.ccb.gov/case/detail/23-CCB-0011,pdfs/ota2108.pdf,0,0,0,1,0,0,0,0,1,1,0,0,0,0
2109,https://dockets.ccb.gov/document/download/2109,02/14/2023,23-CCB-0024,https://dockets.ccb.gov/case/detail/23-CCB-0024,pdfs/ota2109.pdf,0,0,0,0,0,1,0,0,0,0,0,0,0,0
2138,https://dockets.ccb.gov/document/download/2138,02/17/2023,23-CCB-0023,https://dockets.ccb.gov/case/detail/23-CCB-0023,pdfs/ota2138.pdf,0,0,0,0,0,0,0,1,0,0,1,0,0,0
2173,https://dockets.ccb.gov/document/download/2173,02/22/2023,22-CCB-0274,https://dockets.ccb.gov/case/detail/22-CCB-0274,pdfs/ota2173.pdf,1,0,0,0,0,0,0,0,0,0,0,0,0,0
2174,https://dockets.ccb.gov/document/download/2174,02/22/2023,23-CCB-0022,https://dockets.ccb.gov/case/detail/23-CCB-0022,pdfs/ota2174.pdf,1,0,0,0,0,0,0,0,0,0,0,0,0,0
2218,https://dockets.ccb.gov/document/download/2218,02/28/2023,23-CCB-0010,https://dockets.ccb.gov/case/detail/23-CCB-0010,pdfs/ota2218.pdf,0,0,0,0,0,0,1,1,1,0,1,0,0,0
222,https://dockets.ccb.gov/document/download/222,07/26/2022,22-CCB-0021,https://dockets.ccb.gov/case/detail/22-CCB-0021,pdfs/ota222.pdf,0,0,1,0,1,0,1,0,0,0,0,0,0,0
2225,https://dockets.ccb.gov/document/download/2225,02/28/2023,22-CCB-0257,https://dockets.ccb.gov/case/detail/22-CCB-0257,pdfs/ota2225.pdf,0,0,0,1,0,0,0,0,0,0,0,0,0,0
2226,https://dockets.ccb.gov/document/download/2226,02/28/2023,22-CCB-0276,https://dockets.ccb.gov/case/detail/22-CCB-0276,pdfs/ota2226.pdf,0,0,0,0,0,0,1,0,1,0,0,0,0,0
2253,https://dockets.ccb.gov/document/download/2253,03/01/2023,23-CCB-0039,https://dockets.ccb.gov/case/detail/23-CCB-0039,pdfs/ota2253.pdf,0,0,0,1,0,0,0,1,0,0,1,0,0,0
2283,https://dockets.ccb.gov/document/download/2283,03/03/2023,23-CCB-0049,https://dockets.ccb.gov/case/detail/23-CCB-0049,pdfs/ota2283.pdf,0,0,0,0,0,0,0,1,1,1,1,0,0,0
2286,https://dockets.ccb.gov/document/download/2286,03/06/2023,23-CCB-0036,https://dockets.ccb.gov/case/detail/23-CCB-0036,pdfs/ota2286.pdf,0,0,0,0,0,0,0,0,0,1,0,0,0,0
2289,https://dockets.ccb.gov/document/download/2289,03/06/2023,23-CCB-0048,https://dockets.ccb.gov/case/detail/23-CCB-0048,pdfs/ota2289.pdf,0,0,0,0,0,0,0,0,1,0,0,0,0,0
2306,https://dockets.ccb.gov/document/download/2306,03/07/2023,23-CCB-0037,https://dockets.ccb.gov/case/detail/23-CCB-0037,pdfs/ota2306.pdf,0,0,0,0,0,0,0,1,0,0,1,0,0,0
2309,https://dockets.ccb.gov/document/download/2309,03/08/2023,23-CCB-0038,https://dockets.ccb.gov/case/detail/23-CCB-0038,pdfs/ota2309.pdf,0,0,0,0,0,0,1,0,0,0,1,0,0,0
2313,https://dockets.ccb.gov/document/download/2313,03/09/2023,23-CCB-0021,https://dockets.ccb.gov/case/detail/23-CCB-0021,pdfs/ota2313.pdf,0,0,0,0,0,0,0,1,1,0,1,0,0,0
2342,https://dockets.ccb.gov/document/download/2342,03/10/2023,23-CCB-0040,https://dockets.ccb.gov/case/detail/23-CCB-0040,pdfs/ota2342.pdf,1,0,1,0,0,0,0,0,0,0,0,0,0,0
2347,https://dockets.ccb.gov/document/download/2347,03/10/2023,23-CCB-0028,https://dockets.ccb.gov/case/detail/23-CCB-0028,pdfs/ota2347.pdf,0,0,0,0,0,0,0,1,0,0,1,0,0,0
2348,https://dockets.ccb.gov/document/download/2348,03/10/2023,23-CCB-0030,https://dockets.ccb.gov/case/detail/23-CCB-0030,pdfs/ota2348.pdf,0,0,0,0,0,0,0,1,0,0,1,0,0,0
2350,https://dockets.ccb.gov/document/download/2350,03/10/2023,23-CCB-0027,https://dockets.ccb.gov/case/detail/23-CCB-0027,pdfs/ota2350.pdf,0,0,0,0,0,0,0,1,1,0,1,0,0,0
2351,https://dockets.ccb.gov/document/download/2351,03/10/2023,23-CCB-0029,https://dockets.ccb.gov/case/detail/23-CCB-0029,pdfs/ota2351.pdf,0,0,0,0,0,0,0,1,1,0,1,0,0,0
2363,https://dockets.ccb.gov/document/download/2363,03/13/2023,23-CCB-0082,https://dockets.ccb.gov/case/detail/23-CCB-0082,pdfs/ota2363.pdf,0,0,0,0,0,0,0,1,1,0,1,0,0,0
2364,https://dockets.ccb.gov/document/download/2364,03/13/2023,23-CCB-0084,https://dockets.ccb.gov/case/detail/23-CCB-0084,pdfs/ota2364.pdf,0,0,0,0,0,0,0,1,1,0,1,0,0,0
2379,https://dockets.ccb.gov/document/download/2379,03/14/2023,23-CCB-0058,https://dockets.ccb.gov/case/detail/23-CCB-0058,pdfs/ota2379.pdf,0,0,0,0,0,0,0,0,0,1,0,0,0,0
2381,https://dockets.ccb.gov/document/download/2381,03/14/2023,23-CCB-0060,https://dockets.ccb.gov/case/detail/23-CCB-0060,pdfs/ota2381.pdf,0,0,0,0,0,0,0,0,0,1,0,0,0,0
2383,https://dockets.ccb.gov/document/download/2383,03/14/2023,23-CCB-0062,https://dockets.ccb.gov/case/detail/23-CCB-0062,pdfs/ota2383.pdf,0,0,0,0,0,0,0,0,0,1,0,0,0,0
2385,https://dockets.ccb.gov/document/download/2385,03/14/2023,23-CCB-0064,https://dockets.ccb.gov/case/detail/23-CCB-0064,pdfs/ota2385.pdf,0,0,0,0,0,0,0,0,0,1,0,0,0,0
2390,https://dockets.ccb.gov/document/download/2390,03/14/2023,23-CCB-0033,https://dockets.ccb.gov/case/detail/23-CCB-0033,pdfs/ota2390.pdf,0,0,0,0,0,0,0,1,1,0,1,0,0,0
2391,https://dockets.ccb.gov/document/download/2391,03/14/2023,23-CCB-0083,https://dockets.ccb.gov/case/detail/23-CCB-0083,pdfs/ota2391.pdf,0,0,0,0,0,0,0,1,1,1,1,0,0,0
2393,https://dockets.ccb.gov/document/download/2393,03/14/2023,23-CCB-0041,https://dockets.ccb.gov/case/detail/23-CCB-0041,pdfs/ota2393.pdf,0,0,0,0,0,0,0,1,1,1,1,0,0,0
2394,https://dockets.ccb.gov/document/download/2394,03/14/2023,23-CCB-0059,https://dockets.ccb.gov/case/detail/23-CCB-0059,pdfs/ota2394.pdf,0,0,0,0,0,0,0,0,0,1,0,0,0,0
2395,https://dockets.ccb.gov/document/download/2395,03/14/2023,23-CCB-0061,https://dockets.ccb.gov/case/detail/23-CCB-0061,pdfs/ota2395.pdf,0,0,0,0,0,0,0,0,0,1,0,0,0,0
2422,https://dockets.ccb.gov/document/download/2422,03/15/2023,23-CCB-0034,https://dockets.ccb.gov/case/detail/23-CCB-0034,pdfs/ota2422.pdf,0,0,0,0,0,0,0,1,1,0,1,0,0,0
2527,https://dockets.ccb.gov/document/download/2527,03/21/2023,23-CCB-0009,https://dockets.ccb.gov/case/detail/23-CCB-0009,pdfs/ota2527.pdf,0,0,0,0,0,0,1,0,0,1,0,0,0,0
2530,https://dockets.ccb.gov/document/download/2530,03/22/2023,23-CCB-0004,https://dockets.ccb.gov/case/detail/23-CCB-0004,pdfs/ota2530.pdf,0,0,0,0,0,0,0,0,0,1,0,0,0,0
2536,https://dockets.ccb.gov/document/download/2536,03/22/2023,23-CCB-0055,https://dockets.ccb.gov/case/detail/23-CCB-0055,pdfs/ota2536.pdf,0,0,0,0,0,0,0,1,0,0,1,0,0,0
2537,https://dockets.ccb.gov/document/download/2537,03/22/2023,23-CCB-0063,https://dockets.ccb.gov/case/detail/23-CCB-0063,pdfs/ota2537.pdf,0,0,0,0,0,0,0,0,0,1,0,0,0,0
2538,https://dockets.ccb.gov/document/download/2538,03/22/2023,23-CCB-0079,https://dockets.ccb.gov/case/detail/23-CCB-0079,pdfs/ota2538.pdf,1,0,0,0,0,0,0,0,0,0,0,0,0,0
2549,https://dockets.ccb.gov/document/download/2549,03/23/2023,23-CCB-0051,https://dockets.ccb.gov/case/detail/23-CCB-0051,pdfs/ota2549.pdf,0,0,0,0,0,0,0,1,0,0,1,0,0,0
2558,https://dockets.ccb.gov/document/download/2558,03/24/2023,23-CCB-0087,https://dockets.ccb.gov/case/detail/23-CCB-0087,pdfs/ota2558.pdf,0,0,0,0,0,0,1,0,0,0,1,0,0,0
2564,https://dockets.ccb.gov/document/download/2564,03/27/2023,23-CCB-0068,https://dockets.ccb.gov/case/detail/23-CCB-0068,pdfs/ota2564.pdf,0,0,0,0,0,0,0,0,0,1,0,0,0,0
2566,https://dockets.ccb.gov/document/download/2566,03/27/2023,23-CCB-0089,https://dockets.ccb.gov/case/detail/23-CCB-0089,pdfs/ota2566.pdf,0,0,0,0,0,0,0,0,1,0,0,0,0,0
2567,https://dockets.ccb.gov/document/download/2567,03/27/2023,22-CCB-0271,https://dockets.ccb.gov/case/detail/22-CCB-0271,pdfs/ota2567.pdf,0,0,0,0,0,0,0,0,0,0,0,0,0,0
2570,https://dockets.ccb.gov/document/download/2570,03/28/2023,23-CCB-0077,https://dockets.ccb.gov/case/detail/23-CCB-0077,pdfs/ota2570.pdf,0,0,0,0,1,0,0,1,0,1,1,0,0,0
2571,https://dockets.ccb.gov/document/download/2571,03/28/2023,23-CCB-0050,https://dockets.ccb.gov/case/detail/23-CCB-0050,pdfs/ota2571.pdf,0,0,0,0,0,0,0,0,0,1,0,0,0,0
2573,https://dockets.ccb.gov/document/download/2573,03/28/2023,23-CCB-0001,https://dockets.ccb.gov/case/detail/23-CCB-0001,pdfs/ota2573.pdf,0,0,0,0,0,0,0,1,0,1,1,0,0,0
2586,https://dockets.ccb.gov/document/download/2586,03/28/2023,23-CCB-0095,https://dockets.ccb.gov/case/detail/23-CCB-0095,pdfs/ota2586.pdf,0,0,0,0,0,0,0,0,1,1,0,0,0,0
2587,https://dockets.ccb.gov/document/download/2587,03/28/2023,23-CCB-0096,https://dockets.ccb.gov/case/detail/23-CCB-0096,pdfs/ota2587.pdf,0,0,0,0,0,0,0,0,1,1,0,0,0,0
2602,https://dockets.ccb.gov/document/download/2602,03/29/2023,23-CCB-0097,https://dockets.ccb.gov/case/detail/23-CCB-0097,pdfs/ota2602.pdf,1,0,0,0,0,0,0,0,0,0,0,0,0,0
2612,https://dockets.ccb.gov/document/download/2612,03/31/2023,23-CCB-0080,https://dockets.ccb.gov/case/detail/23-CCB-0080,pdfs/ota2612.pdf,0,0,0,0,0,0,0,1,1,1,1,0,0,0
2613,https://dockets.ccb.gov/document/download/2613,03/31/2023,23-CCB-0086,https://dockets.ccb.gov/case/detail/23-CCB-0086,pdfs/ota2613.pdf,0,0,0,0,0,0,0,0,1,0,0,0,0,0
2614,https://dockets.ccb.gov/document/download/2614,03/31/2023,23-CCB-0088,https://dockets.ccb.gov/case/detail/23-CCB-0088,pdfs/ota2614.pdf,0,0,0,0,0,0,0,0,0,1,0,0,0,0
262,https://dockets.ccb.gov/document/download/262,08/03/2022,22-CCB-0016,https://dockets.ccb.gov/case/detail/22-CCB-0016,pdfs/ota262.pdf,0,0,0,1,0,0,0,0,0,0,0,0,0,0
2633,https://dockets.ccb.gov/document/download/2633,04/03/2023,23-CCB-0094,https://dockets.ccb.gov/case/detail/23-CCB-0094,pdfs/ota2633.pdf,0,0,0,0,0,0,1,1,1,1,1,0,0,0
2636,https://dockets.ccb.gov/document/download/2636,04/03/2023,23-CCB-0066,https://dockets.ccb.gov/case/detail/23-CCB-0066,pdfs/ota2636.pdf,0,0,0,0,0,0,1,1,0,0,1,0,0,0
2637,https://dockets.ccb.gov/document/download/2637,04/03/2023,23-CCB-0098,https://dockets.ccb.gov/case/detail/23-CCB-0098,pdfs/ota2637.pdf,0,0,0,0,0,0,1,1,0,0,1,0,0,0
2638,https://dockets.ccb.gov/document/download/2638,04/03/2023,23-CCB-0106,https://dockets.ccb.gov/case/detail/23-CCB-0106,pdfs/ota2638.pdf,0,0,0,0,0,0,0,0,0,0,0,0,0,0
2639,https://dockets.ccb.gov/document/download/2639,04/03/2023,23-CCB-0091,https://dockets.ccb.gov/case/detail/23-CCB-0091,pdfs/ota2639.pdf,0,0,0,0,0,0,0,0,0,0,0,0,0,0
2640,https://dockets.ccb.gov/document/download/2640,04/03/2023,23-CCB-0069,https://dockets.ccb.gov/case/detail/23-CCB-0069,pdfs/ota2640.pdf,1,0,0,0,0,0,0,0,0,0,0,0,0,0
2645,https://dockets.ccb.gov/document/download/2645,04/03/2023,23-CCB-0065,https://dockets.ccb.gov/case/detail/23-CCB-0065,pdfs/ota2645.pdf,1,0,1,0,0,0,0,0,0,0,0,0,0,0
2672,https://dockets.ccb.gov/document/download/2672,04/05/2023,23-CCB-0090,https://dockets.ccb.gov/case/detail/23-CCB-0090,pdfs/ota2672.pdf,0,0,0,0,0,0,0,1,0,0,1,0,0,0
2685,https://dockets.ccb.gov/document/download/2685,04/06/2023,23-CCB-0092,https://dockets.ccb.gov/case/detail/23-CCB-0092,pdfs/ota2685.pdf,0,0,0,0,1,0,0,1,0,0,1,0,0,0
2696,https://dockets.ccb.gov/document/download/2696,04/07/2023,23-CCB-0093,https://dockets.ccb.gov/case/detail/23-CCB-0093,pdfs/ota2696.pdf,1,0,0,0,1,0,0,1,0,0,1,0,0,0
2698,https://dockets.ccb.gov/document/download/2698,04/07/2023,22-CCB-0262,https://dockets.ccb.gov/case/detail/22-CCB-0262,pdfs/ota2698.pdf,0,0,0,0,0,0,0,0,0,0,0,0,0,0
2710,https://dockets.ccb.gov/document/download/2710,04/10/2023,23-CCB-0109,https://dockets.ccb.gov/case/detail/23-CCB-0109,pdfs/ota2710.pdf,0,0,0,0,0,0,0,0,0,1,0,0,0,0
2711,https://dockets.ccb.gov/document/download/2711,04/10/2023,23-CCB-0107,https://dockets.ccb.gov/case/detail/23-CCB-0107,pdfs/ota2711.pdf,0,0,0,0,0,0,1,1,1,1,1,0,0,0
274,https://dockets.ccb.gov/document/download/274,08/05/2022,22-CCB-0021,https://dockets.ccb.gov/case/detail/22-CCB-0021,pdfs/ota274.pdf,0,0,1,0,1,0,1,0,0,0,0,0,0,0
2803,https://dockets.ccb.gov/document/download/2803,04/14/2023,23-CCB-0099,https://dockets.ccb.gov/case/detail/23-CCB-0099,pdfs/ota2803.pdf,0,0,0,0,0,0,0,1,0,0,1,0,0,0
2811,https://dockets.ccb.gov/document/download/2811,04/17/2023,23-CCB-0023,https://dockets.ccb.gov/case/detail/23-CCB-0023,pdfs/ota2811.pdf,0,0,0,0,0,0,1,0,0,1,0,0,0,0
2814,https://dockets.ccb.gov/document/download/2814,04/18/2023,23-CCB-0113,https://dockets.ccb.gov/case/detail/23-CCB-0113,pdfs/ota2814.pdf,0,0,0,0,0,0,1,0,0,1,0,0,0,0
2815,https://dockets.ccb.gov/document/download/2815,04/18/2023,23-CCB-0115,https://dockets.ccb.gov/case/detail/23-CCB-0115,pdfs/ota2815.pdf,0,0,0,0,0,0,0,1,0,0,1,0,0,0
2816,https://dockets.ccb.gov/document/download/2816,04/18/2023,23-CCB-0118,https://dockets.ccb.gov/case/detail/23-CCB-0118,pdfs/ota2816.pdf,0,0,0,1,0,0,0,0,0,1,0,0,0,0
2818,https://dockets.ccb.gov/document/download/2818,04/18/2023,23-CCB-0067,https://dockets.ccb.gov/case/detail/23-CCB-0067,pdfs/ota2818.pdf,0,0,0,0,0,0,1,1,0,1,1,0,0,0
2819,https://dockets.ccb.gov/document/download/2819,04/18/2023,23-CCB-0119,https://dockets.ccb.gov/case/detail/23-CCB-0119,pdfs/ota2819.pdf,0,0,0,0,0,0,0,0,0,1,0,0,0,0
2820,https://dockets.ccb.gov/document/download/2820,04/18/2023,23-CCB-0117,https://dockets.ccb.gov/case/detail/23-CCB-0117,pdfs/ota2820.pdf,0,0,0,0,0,0,0,0,0,0,1,0,0,0
2821,https://dockets.ccb.gov/document/download/2821,04/18/2023,23-CCB-0108,https://dockets.ccb.gov/case/detail/23-CCB-0108,pdfs/ota2821.pdf,0,0,0,0,0,0,0,1,0,0,1,0,0,0
2826,https://dockets.ccb.gov/document/download/2826,04/19/2023,23-CCB-0120,https://dockets.ccb.gov/case/detail/23-CCB-0120,pdfs/ota2826.pdf,0,0,0,0,0,0,0,1,0,0,1,0,0,0
2843,https://dockets.ccb.gov/document/download/2843,04/20/2023,23-CCB-0122,https://dockets.ccb.gov/case/detail/23-CCB-0122,pdfs/ota2843.pdf,0,0,0,0,0,0,0,0,0,1,0,0,0,0
2844,https://dockets.ccb.gov/document/download/2844,04/20/2023,23-CCB-0078,https://dockets.ccb.gov/case/detail/23-CCB-0078,pdfs/ota2844.pdf,0,0,0,0,0,0,1,1,0,0,1,0,0,0
2850,https://dockets.ccb.gov/document/download/2850,04/20/2023,23-CCB-0103,https://dockets.ccb.gov/case/detail/23-CCB-0103,pdfs/ota2850.pdf,0,0,0,0,1,0,0,0,1,1,0,0,0,0
2861,https://dockets.ccb.gov/document/download/2861,04/21/2023,22-CCB-0205,https://dockets.ccb.gov/case/detail/22-CCB-0205,pdfs/ota2861.pdf,0,0,0,0,0,0,0,0,0,0,0,0,0,0
2892,https://dockets.ccb.gov/document/download/2892,04/25/2023,23-CCB-0126,https://dockets.ccb.gov/case/detail/23-CCB-0126,pdfs/ota2892.pdf,1,0,0,0,0,0,0,0,0,0,0,0,0,0
2914,https://dockets.ccb.gov/document/download/2914,04/27/2023,23-CCB-0131,https://dockets.ccb.gov/case/detail/23-CCB-0131,pdfs/ota2914.pdf,0,0,0,1,0,0,0,0,0,0,0,0,0,0
2918,https://dockets.ccb.gov/document/download/2918,04/27/2023,23-CCB-0130,https://dockets.ccb.gov/case/detail/23-CCB-0130,pdfs/ota2918.pdf,0,0,0,0,0,0,0,0,0,1,0,0,0,0
2927,https://dockets.ccb.gov/document/download/2927,04/27/2023,23-CCB-0109,https://dockets.ccb.gov/case/detail/23-CCB-0109,pdfs/ota2927.pdf,0,0,0,0,0,0,0,1,0,1,1,0,0,0
2972,https://dockets.ccb.gov/document/download/2972,05/01/2023,23-CCB-0129,https://dockets.ccb.gov/case/detail/23-CCB-0129,pdfs/ota2972.pdf,0,0,1,0,0,0,0,0,0,0,1,0,0,0
2979,https://dockets.ccb.gov/document/download/2979,05/02/2023,23-CCB-0135,https://dockets.ccb.gov/case/detail/23-CCB-0135,pdfs/ota2979.pdf,1,0,0,0,0,0,0,0,0,0,0,0,0,0
3000,https://dockets.ccb.gov/document/download/3000,05/03/2023,23-CCB-0141,https://dockets.ccb.gov/case/detail/23-CCB-0141,pdfs/ota3000.pdf,0,0,0,0,0,0,0,1,0,0,1,0,0,0
3001,https://dockets.ccb.gov/document/download/3001,05/03/2023,23-CCB-0127,https://dockets.ccb.gov/case/detail/23-CCB-0127,pdfs/ota3001.pdf,0,0,1,1,0,0,1,0,0,0,0,0,0,0
308,https://dockets.ccb.gov/document/download/308,08/11/2022,22-CCB-0055,https://dockets.ccb.gov/case/detail/22-CCB-0055,pdfs/ota308.pdf,0,1,0,0,0,0,0,0,0,0,0,0,0,0
319,https://dockets.ccb.gov/document/download/319,08/16/2022,22-CCB-0036,https://dockets.ccb.gov/case/detail/22-CCB-0036,pdfs/ota319.pdf,0,0,0,0,0,0,0,0,0,0,1,0,0,0
323,https://dockets.ccb.gov/document/download/323,08/18/2022,22-CCB-0029,https://dockets.ccb.gov/case/detail/22-CCB-0029,pdfs/ota323.pdf,0,0,0,0,0,0,0,0,1,1,0,0,0,0
324,https://dockets.ccb.gov/document/download/324,08/18/2022,22-CCB-0037,https://dockets.ccb.gov/case/detail/22-CCB-0037,pdfs/ota324.pdf,0,0,0,0,0,0,0,1,0,0,0,0,0,0
354,https://dockets.ccb.gov/document/download/354,08/23/2022,22-CCB-0027,https://dockets.ccb.gov/case/detail/22-CCB-0027,pdfs/ota354.pdf,0,0,0,0,1,0,1,0,1,1,0,0,0,0
370,https://dockets.ccb.gov/document/download/370,08/24/2022,22-CCB-0043,https://dockets.ccb.gov/case/detail/22-CCB-0043,pdfs/ota370.pdf,0,0,0,0,0,0,1,0,0,1,0,0,0,0
375,https://dockets.ccb.gov/document/download/375,08/26/2022,22-CCB-0024,https://dockets.ccb.gov/case/detail/22-CCB-0024,pdfs/ota375.pdf,0,0,0,0,0,0,0,0,1,0,0,0,0,0
379,https://dockets.ccb.gov/document/download/379,08/26/2022,22-CCB-0040,https://dockets.ccb.gov/case/detail/22-CCB-0040,pdfs/ota379.pdf,0,0,0,1,0,0,0,0,0,1,0,0,0,0
386,https://dockets.ccb.gov/document/download/386,08/29/2022,22-CCB-0051,https://dockets.ccb.gov/case/detail/22-CCB-0051,pdfs/ota386.pdf,1,0,0,0,1,0,0,0,1,1,0,0,0,0
412,https://dockets.ccb.gov/document/download/412,08/31/2022,22-CCB-0019,https://dockets.ccb.gov/case/detail/22-CCB-0019,pdfs/ota412.pdf,0,0,0,0,0,0,0,1,0,0,1,0,0,0
417,https://dockets.ccb.gov/document/download/417,09/01/2022,22-CCB-0030,https://dockets.ccb.gov/case/detail/22-CCB-0030,pdfs/ota417.pdf,0,0,0,0,1,0,0,0,0,0,0,0,0,0
426,https://dockets.ccb.gov/document/download/426,09/06/2022,22-CCB-0038,https://dockets.ccb.gov/case/detail/22-CCB-0038,pdfs/ota426.pdf,0,0,0,0,0,0,1,1,0,0,0,0,0,0
428,https://dockets.ccb.gov/document/download/428,09/06/2022,22-CCB-0028,https://dockets.ccb.gov/case/detail/22-CCB-0028,pdfs/ota428.pdf,0,0,0,0,1,0,0,0,1,0,0,0,0,0
433,https://dockets.ccb.gov/document/download/433,09/06/2022,22-CCB-0047,https://dockets.ccb.gov/case/detail/22-CCB-0047,pdfs/ota433.pdf,0,0,0,0,0,0,0,1,0,0,1,0,0,0
440,https://dockets.ccb.gov/document/download/440,09/07/2022,22-CCB-0039,https://dockets.ccb.gov/case/detail/22-CCB-0039,pdfs/ota440.pdf,0,0,0,0,0,0,1,0,0,0,0,0,0,0
441,https://dockets.ccb.gov/document/download/441,09/07/2022,22-CCB-0048,https://dockets.ccb.gov/case/detail/22-CCB-0048,pdfs/ota441.pdf,0,0,0,0,0,0,1,0,1,1,0,0,0,0
442,https://dockets.ccb.gov/document/download/442,09/07/2022,22-CCB-0049,https://dockets.ccb.gov/case/detail/22-CCB-0049,pdfs/ota442.pdf,0,0,0,0,0,0,1,0,0,0,0,0,0,0
445,https://dockets.ccb.gov/document/download/445,09/07/2022,22-CCB-0034,https://dockets.ccb.gov/case/detail/22-CCB-0034,pdfs/ota445.pdf,0,0,0,0,0,0,1,0,1,1,0,0,0,0
450,https://dockets.ccb.gov/document/download/450,09/09/2022,22-CCB-0055,https://dockets.ccb.gov/case/detail/22-CCB-0055,pdfs/ota450.pdf,0,0,0,1,0,0,0,0,0,0,0,0,1,1
468,https://dockets.ccb.gov/document/download/468,09/15/2022,22-CCB-0059,https://dockets.ccb.gov/case/detail/22-CCB-0059,pdfs/ota468.pdf,1,0,0,0,0,0,0,0,0,0,0,0,0,0
481,https://dockets.ccb.gov/document/download/481,09/15/2022,22-CCB-0075,https://dockets.ccb.gov/case/detail/22-CCB-0075,pdfs/ota481.pdf,0,0,0,0,0,0,0,1,0,0,1,0,0,0
483,https://dockets.ccb.gov/document/download/483,09/16/2022,22-CCB-0053,https://dockets.ccb.gov/case/detail/22-CCB-0053,pdfs/ota483.pdf,0,0,0,0,0,0,0,1,0,0,1,0,0,0
484,https://dockets.ccb.gov/document/download/484,09/16/2022,22-CCB-0021,https://dockets.ccb.gov/case/detail/22-CCB-0021,pdfs/ota484.pdf,0,0,0,0,0,0,0,0,0,0,0,0,0,0
505,https://dockets.ccb.gov/document/download/505,09/19/2022,22-CCB-0054,https://dockets.ccb.gov/case/detail/22-CCB-0054,pdfs/ota505.pdf,1,0,0,0,0,0,0,0,0,1,0,0,0,0
513,https://dockets.ccb.gov/document/download/513,09/19/2022,22-CCB-0079,https://dockets.ccb.gov/case/detail/22-CCB-0079,pdfs/ota513.pdf,1,0,0,0,0,0,0,0,0,0,0,0,0,0
514,https://dockets.ccb.gov/document/download/514,09/19/2022,22-CCB-0023,https://dockets.ccb.gov/case/detail/22-CCB-0023,pdfs/ota514.pdf,0,0,0,0,0,0,1,1,0,0,1,0,0,0
517,https://dockets.ccb.gov/document/download/517,09/19/2022,22-CCB-0068,https://dockets.ccb.gov/case/detail/22-CCB-0068,pdfs/ota517.pdf,0,0,0,0,0,0,0,0,0,1,0,0,0,0
576,https://dockets.ccb.gov/document/download/576,09/21/2022,22-CCB-0058,https://dockets.ccb.gov/case/detail/22-CCB-0058,pdfs/ota576.pdf,0,0,0,1,0,0,1,0,1,0,0,0,0,0
596,https://dockets.ccb.gov/document/download/596,09/21/2022,22-CCB-0072,https://dockets.ccb.gov/case/detail/22-CCB-0072,pdfs/ota596.pdf,0,0,0,0,0,0,0,1,0,0,0,0,0,0
619,https://dockets.ccb.gov/document/download/619,09/22/2022,22-CCB-0071,https://dockets.ccb.gov/case/detail/22-CCB-0071,pdfs/ota619.pdf,0,0,0,0,1,1,0,0,0,0,0,0,0,0
624,https://dockets.ccb.gov/document/download/624,09/23/2022,22-CCB-0061,https://dockets.ccb.gov/case/detail/22-CCB-0061,pdfs/ota624.pdf,0,0,1,0,0,0,0,0,0,1,0,0,0,0
625,https://dockets.ccb.gov/document/download/625,09/23/2022,22-CCB-0094,https://dockets.ccb.gov/case/detail/22-CCB-0094,pdfs/ota625.pdf,0,0,0,0,0,0,0,0,0,1,0,0,0,0
627,https://dockets.ccb.gov/document/download/627,09/23/2022,22-CCB-0083,https://dockets.ccb.gov/case/detail/22-CCB-0083,pdfs/ota627.pdf,0,0,0,0,0,0,1,1,0,1,1,0,0,0
628,https://dockets.ccb.gov/document/download/628,09/23/2022,22-CCB-0091,https://dockets.ccb.gov/case/detail/22-CCB-0091,pdfs/ota628.pdf,0,0,0,0,0,0,0,1,0,0,1,0,0,0
629,https://dockets.ccb.gov/document/download/629,09/23/2022,22-CCB-0095,https://dockets.ccb.gov/case/detail/22-CCB-0095,pdfs/ota629.pdf,1,0,0,0,0,0,0,0,0,0,0,0,0,0
635,https://dockets.ccb.gov/document/download/635,09/26/2022,22-CCB-0093,https://dockets.ccb.gov/case/detail/22-CCB-0093,pdfs/ota635.pdf,0,0,0,0,0,0,0,1,0,0,1,0,0,0
661,https://dockets.ccb.gov/document/download/661,09/27/2022,22-CCB-0097,https://dockets.ccb.gov/case/detail/22-CCB-0097,pdfs/ota661.pdf,0,0,0,0,0,0,0,0,0,1,0,0,0,0
662,https://dockets.ccb.gov/document/download/662,09/27/2022,22-CCB-0103,https://dockets.ccb.gov/case/detail/22-CCB-0103,pdfs/ota662.pdf,0,0,0,1,0,1,0,0,0,0,0,0,0,0
672,https://dockets.ccb.gov/document/download/672,09/28/2022,22-CCB-0121,https://dockets.ccb.gov/case/detail/22-CCB-0121,pdfs/ota672.pdf,1,0,0,0,0,0,0,0,0,0,0,0,0,0
676,https://dockets.ccb.gov/document/download/676,09/29/2022,22-CCB-0106,https://dockets.ccb.gov/case/detail/22-CCB-0106,pdfs/ota676.pdf,0,0,0,1,0,0,0,0,0,1,0,0,0,0
677,https://dockets.ccb.gov/document/download/677,09/29/2022,22-CCB-0110,https://dockets.ccb.gov/case/detail/22-CCB-0110,pdfs/ota677.pdf,0,0,0,1,0,0,0,0,0,1,0,0,0,0
679,https://dockets.ccb.gov/document/download/679,09/29/2022,22-CCB-0147,https://dockets.ccb.gov/case/detail/22-CCB-0147,pdfs/ota679.pdf,1,0,0,0,0,0,0,0,0,0,0,0,0,0
706,https://dockets.ccb.gov/document/download/706,10/04/2022,22-CCB-0105,https://dockets.ccb.gov/case/detail/22-CCB-0105,pdfs/ota706.pdf,0,0,0,0,1,0,0,1,0,0,1,0,0,0
709,https://dockets.ccb.gov/document/download/709,10/04/2022,22-CCB-0156,https://dockets.ccb.gov/case/detail/22-CCB-0156,pdfs/ota709.pdf,1,0,0,0,0,0,0,0,0,0,0,0,0,0
713,https://dockets.ccb.gov/document/download/713,10/04/2022,22-CCB-0157,https://dockets.ccb.gov/case/detail/22-CCB-0157,pdfs/ota713.pdf,1,0,0,0,0,0,0,0,0,1,0,0,0,0
714,https://dockets.ccb.gov/document/download/714,10/04/2022,22-CCB-0175,https://dockets.ccb.gov/case/detail/22-CCB-0175,pdfs/ota714.pdf,1,0,0,0,0,0,0,0,0,0,0,0,0,0
717,https://dockets.ccb.gov/document/download/717,10/05/2022,22-CCB-0154,https://dockets.ccb.gov/case/detail/22-CCB-0154,pdfs/ota717.pdf,1,0,0,0,0,0,0,0,0,0,0,0,0,0
719,https://dockets.ccb.gov/document/download/719,10/05/2022,22-CCB-0135,https://dockets.ccb.gov/case/detail/22-CCB-0135,pdfs/ota719.pdf,0,0,0,0,0,0,0,1,0,0,1,0,0,0
720,https://dockets.ccb.gov/document/download/720,10/05/2022,22-CCB-0039,https://dockets.ccb.gov/case/detail/22-CCB-0039,pdfs/ota720.pdf,0,0,0,0,0,0,1,0,0,0,0,0,0,0
728,https://dockets.ccb.gov/document/download/728,10/06/2022,22-CCB-0191,https://dockets.ccb.gov/case/detail/22-CCB-0191,pdfs/ota728.pdf,0,0,0,0,0,0,0,0,0,1,0,0,0,0
735,https://dockets.ccb.gov/document/download/735,10/06/2022,22-CCB-0070,https://dockets.ccb.gov/case/detail/22-CCB-0070,pdfs/ota735.pdf,0,0,0,1,0,0,0,0,0,0,0,0,0,0
752,https://dockets.ccb.gov/document/download/752,10/07/2022,22-CCB-0193,https://dockets.ccb.gov/case/detail/22-CCB-0193,pdfs/ota752.pdf,1,0,0,0,0,0,0,0,0,0,0,0,0,0
753,https://dockets.ccb.gov/document/download/753,10/07/2022,22-CCB-0194,https://dockets.ccb.gov/case/detail/22-CCB-0194,pdfs/ota753.pdf,1,0,0,0,0,0,0,0,0,0,0,0,0,0
754,https://dockets.ccb.gov/document/download/754,10/07/2022,22-CCB-0139,https://dockets.ccb.gov/case/detail/22-CCB-0139,pdfs/ota754.pdf,0,0,0,0,0,0,0,1,0,0,1,0,0,0
761,https://dockets.ccb.gov/document/download/761,10/07/2022,22-CCB-0096,https://dockets.ccb.gov/case/detail/22-CCB-0096,pdfs/ota761.pdf,0,0,0,0,0,0,0,0,0,0,0,0,0,0
762,https://dockets.ccb.gov/document/download/762,10/07/2022,22-CCB-0143,https://dockets.ccb.gov/case/detail/22-CCB-0143,pdfs/ota762.pdf,0,0,0,0,0,0,0,1,0,0,1,0,0,0
771,https://dockets.ccb.gov/document/download/771,10/07/2022,22-CCB-0195,https://dockets.ccb.gov/case/detail/22-CCB-0195,pdfs/ota771.pdf,1,0,0,0,0,0,0,0,0,1,0,0,0,0
772,https://dockets.ccb.gov/document/download/772,10/07/2022,22-CCB-0196,https://dockets.ccb.gov/case/detail/22-CCB-0196,pdfs/ota772.pdf,1,0,0,0,0,0,0,0,0,1,0,0,0,0
785,https://dockets.ccb.gov/document/download/785,10/11/2022,22-CCB-0049,https://dockets.ccb.gov/case/detail/22-CCB-0049,pdfs/ota785.pdf,0,0,0,0,0,0,1,0,0,0,0,0,0,0
790,https://dockets.ccb.gov/document/download/790,10/12/2022,22-CCB-0133,https://dockets.ccb.gov/case/detail/22-CCB-0133,pdfs/ota790.pdf,0,0,0,0,0,1,0,0,0,1,0,0,0,0
796,https://dockets.ccb.gov/document/download/796,10/12/2022,22-CCB-0116,https://dockets.ccb.gov/case/detail/22-CCB-0116,pdfs/ota796.pdf,0,0,0,0,0,0,0,1,0,0,1,0,0,0
806,https://dockets.ccb.gov/document/download/806,10/13/2022,22-CCB-0204,https://dockets.ccb.gov/case/detail/22-CCB-0204,pdfs/ota806.pdf,1,0,0,0,0,0,0,0,0,0,0,0,0,0
840,https://dockets.ccb.gov/document/download/840,10/14/2022,22-CCB-0138,https://dockets.ccb.gov/case/detail/22-CCB-0138,pdfs/ota840.pdf,0,0,0,0,0,0,0,0,1,0,0,0,0,0
841,https://dockets.ccb.gov/document/download/841,10/14/2022,22-CCB-0176,https://dockets.ccb.gov/case/detail/22-CCB-0176,pdfs/ota841.pdf,0,0,0,0,0,0,0,0,0,1,0,0,0,0
842,https://dockets.ccb.gov/document/download/842,10/14/2022,22-CCB-0185,https://dockets.ccb.gov/case/detail/22-CCB-0185,pdfs/ota842.pdf,0,0,0,0,0,0,0,0,0,1,0,0,0,0
845,https://dockets.ccb.gov/document/download/845,10/17/2022,22-CCB-0109,https://dockets.ccb.gov/case/detail/22-CCB-0109,pdfs/ota845.pdf,0,0,0,0,0,0,1,1,0,1,1,0,0,0
849,https://dockets.ccb.gov/document/download/849,10/17/2022,22-CCB-0161,https://dockets.ccb.gov/case/detail/22-CCB-0161,pdfs/ota849.pdf,0,0,0,0,0,0,0,0,0,1,0,0,0,0
873,https://dockets.ccb.gov/document/download/873,10/18/2022,22-CCB-0117,https://dockets.ccb.gov/case/detail/22-CCB-0117,pdfs/ota873.pdf,0,0,0,0,0,0,0,1,0,1,1,0,0,0
876,https://dockets.ccb.gov/document/download/876,10/18/2022,22-CCB-0188,https://dockets.ccb.gov/case/detail/22-CCB-0188,pdfs/ota876.pdf,0,0,0,0,0,0,0,0,0,1,0,0,0,0
877,https://dockets.ccb.gov/document/download/877,10/18/2022,22-CCB-0058,https://dockets.ccb.gov/case/detail/22-CCB-0058,pdfs/ota877.pdf,0,0,0,0,0,0,1,0,1,0,0,0,0,0
882,https://dockets.ccb.gov/document/download/882,10/19/2022,22-CCB-0048,https://dockets.ccb.gov/case/detail/22-CCB-0048,pdfs/ota882.pdf,0,0,0,0,0,0,1,0,0,0,0,0,0,0
887,https://dockets.ccb.gov/document/download/887,10/19/2022,22-CCB-0027,https://dockets.ccb.gov/case/detail/22-CCB-0027,pdfs/ota887.pdf,0,0,0,0,0,0,0,0,1,1,0,0,0,0
892,https://dockets.ccb.gov/document/download/892,10/19/2022,22-CCB-0211,https://dockets.ccb.gov/case/detail/22-CCB-0211,pdfs/ota892.pdf,1,0,0,0,0,0,0,0,0,1,0,0,0,0
893,https://dockets.ccb.gov/document/download/893,10/19/2022,22-CCB-0208,https://dockets.ccb.gov/case/detail/22-CCB-0208,pdfs/ota893.pdf,0,0,0,0,0,0,0,0,0,1,0,0,0,0
894,https://dockets.ccb.gov/document/download/894,10/19/2022,22-CCB-0210,https://dockets.ccb.gov/case/detail/22-CCB-0210,pdfs/ota894.pdf,1,0,0,0,0,0,0,0,0,0,0,0,0,0
895,https://dockets.ccb.gov/document/download/895,10/19/2022,22-CCB-0134,https://dockets.ccb.gov/case/detail/22-CCB-0134,pdfs/ota895.pdf,0,0,0,0,0,0,0,0,0,1,0,0,0,0
896,https://dockets.ccb.gov/document/download/896,10/19/2022,22-CCB-0153,https://dockets.ccb.gov/case/detail/22-CCB-0153,pdfs/ota896.pdf,0,0,0,0,1,0,1,0,0,0,0,0,0,0
916,https://dockets.ccb.gov/document/download/916,10/20/2022,22-CCB-0085,https://dockets.ccb.gov/case/detail/22-CCB-0085,pdfs/ota916.pdf,0,0,0,0,0,0,0,1,0,1,0,0,0,0
918,https://dockets.ccb.gov/document/download/918,10/20/2022,22-CCB-0107,https://dockets.ccb.gov/case/detail/22-CCB-0107,pdfs/ota918.pdf,0,0,0,0,0,0,0,0,0,0,0,1,0,0
933,https://dockets.ccb.gov/document/download/933,10/21/2022,22-CCB-0086,https://dockets.ccb.gov/case/detail/22-CCB-0086,pdfs/ota933.pdf,0,0,1,0,0,0,0,0,0,0,0,0,0,0
934,https://dockets.ccb.gov/document/download/934,10/21/2022,22-CCB-0120,https://dockets.ccb.gov/case/detail/22-CCB-0120,pdfs/ota934.pdf,0,0,0,0,0,0,0,1,0,0,1,0,0,0
935,https://dockets.ccb.gov/document/download/935,10/21/2022,22-CCB-0170,https://dockets.ccb.gov/case/detail/22-CCB-0170,pdfs/ota935.pdf,0,1,0,0,0,0,0,0,0,1,0,0,0,0
948,https://dockets.ccb.gov/document/download/948,10/21/2022,22-CCB-0170,https://dockets.ccb.gov/case/detail/22-CCB-0170,pdfs/ota948.pdf,0,1,0,0,0,0,0,0,0,1,0,0,0,0
962,https://dockets.ccb.gov/document/download/962,10/24/2022,22-CCB-0123,https://dockets.ccb.gov/case/detail/22-CCB-0123,pdfs/ota962.pdf,0,0,0,1,0,0,1,0,0,0,0,0,0,0
963,https://dockets.ccb.gov/document/download/963,10/24/2022,22-CCB-0124,https://dockets.ccb.gov/case/detail/22-CCB-0124,pdfs/ota963.pdf,0,0,0,1,0,0,1,0,0,0,0,0,0,0
964,https://dockets.ccb.gov/document/download/964,10/24/2022,22-CCB-0125,https://dockets.ccb.gov/case/detail/22-CCB-0125,pdfs/ota964.pdf,0,0,0,1,0,0,0,0,0,0,0,0,0,0
965,https://dockets.ccb.gov/document/download/965,10/24/2022,22-CCB-0127,https://dockets.ccb.gov/case/detail/22-CCB-0127,pdfs/ota965.pdf,0,0,0,1,0,0,1,0,0,0,0,0,0,0
966,https://dockets.ccb.gov/document/download/966,10/24/2022,22-CCB-0142,https://dockets.ccb.gov/case/detail/22-CCB-0142,pdfs/ota966.pdf,0,0,1,0,0,0,0,1,0,0,1,0,0,0
971,https://dockets.ccb.gov/document/download/971,10/25/2022,22-CCB-0214,https://dockets.ccb.gov/case/detail/22-CCB-0214,pdfs/ota971.pdf,1,0,0,0,0,0,0,0,0,1,0,0,0,0
972,https://dockets.ccb.gov/document/download/972,10/25/2022,22-CCB-0212,https://dockets.ccb.gov/case/detail/22-CCB-0212,pdfs/ota972.pdf,1,0,0,0,0,0,0,0,0,0,0,0,0,0
987,https://dockets.ccb.gov/document/download/987,10/26/2022,22-CCB-0084,https://dockets.ccb.gov/case/detail/22-CCB-0084,pdfs/ota987.pdf,0,0,0,1,0,0,0,1,0,0,1,0,0,0
995,https://dockets.ccb.gov/document/download/995,10/26/2022,22-CCB-0136,https://dockets.ccb.gov/case/detail/22-CCB-0136,pdfs/ota995.pdf,0,0,0,1,0,0,0,0,0,0,0,0,0,0
